Id,SalePrice
1,12.247694320220994
2,12.109010932687042
3,12.31716669303576
4,11.84939770159144
5,12.429216196844383
6,11.870599909242044
7,12.634603026569334
8,12.206072645530174
9,11.77452020265869
10,11.678439903447801
11,11.771436160121729
12,12.751299696013497
13,11.877568578558138
14,12.540757571577291
15,11.964001084330445
16,11.790557201568507
17,11.911701584927597
18,11.407564949312402
19,11.976659481202368
20,11.842229212112828
21,12.692503112461443
22,11.845102777308561
23,12.345834587905333
24,11.77452020265869
25,11.944707881395766
26,12.454103912352162
27,11.811547477460344
28,12.631340380934517
29,12.24288661865289
30,11.134589024250317
31,10.596634733096073
32,11.914047823644255
33,12.100156419938624
34,12.016726473799254
35,12.533576212168626
36,12.641096555879882
37,11.884489021402711
38,11.938193200374572
39,11.59910316121128
40,11.314474526246391
41,11.982929094215963
42,12.043553716032399
43,11.877568578558138
44,11.777210959615614
45,11.856515169360305
46,12.675763725937609
47,12.387085012375499
48,12.428015476267865
49,11.635143097694478
50,11.751942365440728
51,12.083905011555967
52,11.648330101976432
53,11.608235644774552
54,12.86099861326992
55,11.77528972943772
56,12.103486056755072
57,12.058152515453552
58,12.188417710291453
59,12.991753427493052
60,11.73526869611367
61,11.970350312009105
62,11.522875795823397
63,12.218495165528731
64,11.84939770159144
65,12.299107511497363
66,12.666657052859417
67,12.100712129872347
68,12.328290278254423
69,11.289781913656018
70,12.323855681186558
71,12.404923504275338
72,11.771436160121729
73,12.128111104060462
74,11.883799128308773
75,11.584315461056901
76,11.418614785498987
77,11.818570237796182
78,11.751942365440728
79,11.824079893607152
80,11.608235644774552
81,12.173032791451973
82,11.941455846009388
83,12.409013489526863
84,11.747997587149712
85,12.034691028774553
86,12.468436909997665
87,12.066810578196666
88,12.010665849187564
89,11.350406535472453
90,11.724805824005728
91,11.607326140391713
92,11.498826540590727
93,12.004568269319446
94,11.804848531679264
95,12.229545001715316
96,12.128111104060462
97,12.273731294003989
98,11.458997122944673
99,11.326595886778735
100,11.76718001130949
101,12.230765258120545
102,12.089538829274222
103,11.686576205316552
104,12.200557464842063
105,12.040608205802641
106,12.429216196844383
107,11.512925464970229
108,11.652687407345388
109,11.652687407345388
110,12.154779351142624
111,11.82700601127654
112,12.100712129872347
113,12.858319703517948
114,12.287652632522597
115,12.46651198158808
116,12.078239274020289
117,11.842229212112828
118,11.951180395901384
119,12.676076274775909
120,12.007560729337492
121,12.100712129872347
122,11.512925464970229
123,11.820410164718188
124,11.94405831982697
125,12.106252310247962
126,11.344506813345266
127,11.759785542901755
128,11.37366339763672
129,11.951180395901384
130,11.918390573078392
131,12.328290278254423
132,12.404923504275338
133,11.923378114589433
134,12.301382825334498
135,12.100712129872347
136,12.066810578196666
137,11.870599909242044
138,12.049418835484797
139,12.345834587905333
140,12.352335152508426
141,11.652687407345388
142,12.468436909997665
143,12.01974306733868
144,12.225875272826354
145,11.736069016284437
146,11.77528972943772
147,11.56171562913966
148,12.312682380588432
149,11.856515169360305
150,11.652687407345388
151,11.711776323715394
152,12.827729194939907
153,12.154779351142624
154,12.367340793126296
155,11.736069016284437
156,11.27720313144916
157,11.603679828238693
158,12.504323669331189
159,12.448626590364206
160,12.676076274775909
161,11.998433280751929
162,12.929991484756872
163,12.301382825334498
164,11.544424132029599
165,11.931635799828413
166,11.755871643580617
167,12.154779351142624
168,12.693498620467778
169,12.119969946476761
170,12.337100907936577
171,11.763684183317412
172,12.2783933071098
173,12.384218830913648
174,12.0015054797889
175,12.122691036591123
176,12.400816722322686
177,12.259613412458204
178,12.058152515453552
179,13.1260306447518
180,11.512925464970229
181,12.083905011555967
182,12.206572520571825
183,11.695247021764184
184,12.206072645530174
185,11.751942365440728
186,13.071070083016778
187,12.061046873479915
188,11.813030057420567
189,11.940393392554734
190,12.56374708980199
191,12.66032791780777
192,12.122691036591123
193,12.165250651009918
194,11.77528972943772
195,11.751942365440728
196,11.908340237224891
197,12.650348126203179
198,12.367340793126296
199,11.55214617812351
200,12.524162674153336
201,11.84939770159144
202,12.052338545588132
203,11.626254150277232
204,11.911701584927597
205,11.608235644774552
206,12.103486056755072
207,11.876873892875459
208,11.856515169360305
209,12.531772785169476
210,11.884489021402711
211,11.49272275765271
212,12.133501952695338
213,12.439871229831715
214,11.957611286231675
215,11.993807212363148
216,11.80894766169701
217,12.254862809699606
218,11.580584113444043
219,12.649154617209645
220,12.0271851854705
221,12.230277334226992
222,12.206072645530174
223,12.100156419938624
224,11.48246625748552
225,12.864240107194092
226,11.626254150277232
227,12.577636201962656
228,11.571194373094205
229,11.736069016284437
230,12.167851432709975
231,11.904967552746252
232,12.90669184092882
233,11.456355113481834
234,11.761346823468706
235,12.285345826424681
236,11.401993904262946
237,12.130810161029627
238,12.178187442040638
239,12.669806661762314
240,11.635143097694478
241,12.478006361013815
242,11.612770799939945
243,11.27720313144916
244,11.695247021764184
245,12.230765258120545
246,12.394624752074764
247,11.827736204810263
248,11.84939770159144
249,12.100712129872347
250,12.531772785169476
251,11.245046019814627
252,12.367340793126296
253,12.061046873479915
254,11.970350312009105
255,11.884489021402711
256,12.345834587905333
257,12.24288661865289
258,12.301382825334498
259,12.352335152508426
260,11.48246625748552
261,12.078239274020289
262,12.528156144699286
263,11.925035115797062
264,11.77528972943772
265,11.198214720130528
266,12.075394321888057
267,12.128111104060462
268,12.097930486910471
269,11.699405031912846
270,11.904967552746252
271,12.491251587763836
272,12.394624752074764
273,12.577636201962656
274,11.842229212112828
275,11.732060994886899
276,12.230765258120545
277,12.211060187041213
278,11.856515169360305
279,12.936751613811438
280,12.165250651009918
281,12.339291489316397
282,12.128111104060462
283,12.24288661865289
284,12.407379502235209
285,12.096257779522967
286,12.011880916165731
287,11.976659481202368
288,11.385092093460344
289,11.711776323715394
290,11.941944326032129
291,12.359780370124389
292,11.819674600139235
293,11.782952602183288
294,12.367340793126296
295,12.025749091398891
296,11.867097278690842
297,11.931635799828413
298,12.384218830913648
299,12.072541252905651
300,11.973509872299472
301,11.964001084330445
302,12.495003937382387
303,12.230765258120545
304,11.917723684090689
305,12.594730635321957
306,12.631013530138995
307,12.323855681186558
308,11.401993904262946
309,11.320553572322773
310,12.793859310432293
311,12.017330520933296
312,11.790557201568507
313,11.694413341015606
314,12.834681304952548
315,12.089538829274222
316,12.146853285870202
317,12.468436909997665
318,12.506177237980511
319,12.468436909997665
320,12.141534124392603
321,12.7444443677961
322,12.777052192115912
323,12.614865543731012
324,11.745425111208464
325,12.396693005138824
326,11.37366339763672
327,12.688498794774466
328,11.886211674714158
329,12.27606501735021
330,11.26446410567173
331,11.686878772093667
332,11.842229212112828
333,12.556729517143344
334,12.240474072247506
335,12.165250651009918
336,12.341258918085241
337,12.841129801965447
338,12.273731294003989
339,12.218495165528731
340,11.951180395901384
341,12.220468525813907
342,11.314474526246391
343,11.379394072345706
344,12.491251587763836
345,11.350406535472453
346,11.850825253582627
347,11.928340903931561
348,11.967180737247824
349,11.944707881395766
350,12.988040814744458
351,12.669998467265833
352,12.154779351142624
353,11.461632170582678
354,11.570250531589497
355,11.84939770159144
356,12.086725887897607
357,12.061046873479915
358,11.805595078933049
359,11.77528972943772
360,12.542544882151386
361,11.957611286231675
362,11.884489021402711
363,12.198544379109382
364,11.678439903447801
365,12.154779351142624
366,11.898187865760873
367,11.976659481202368
368,12.013700752882718
369,11.790557201568507
370,11.99535161421452
371,12.05757263721173
372,11.808813773969108
373,11.736069016284437
374,11.719939634354555
375,12.299107511497363
376,11.018629143155449
377,11.904967552746252
378,12.736700896592344
379,12.885202034321916
380,12.095141084822892
381,11.751942365440728
382,12.142866569626381
383,12.271392111650817
384,11.238488619268468
385,12.388394202324129
386,12.165250651009918
387,11.302204433654575
388,11.736069016284437
389,12.160028707028767
390,12.962194625251508
391,11.686878772093667
392,12.2783933071098
393,11.575900264131617
394,11.512925464970229
395,11.59910316121128
396,11.76756768334381
397,11.719939634354555
398,12.040608205802641
399,11.112447898373103
400,12.392552212472792
401,12.411052226216713
402,12.01364014498549
403,11.589886506106357
404,12.460714863903755
405,12.031719258385396
406,11.918390573078392
407,11.652687407345388
408,12.083905011555967
409,12.542544882151386
410,12.73596533201339
411,11.002099841204238
412,11.884489021402711
413,12.310432660854417
414,11.652687407345388
415,12.337100907936577
416,12.106992367829498
417,11.915051671812877
418,12.384218830913648
419,11.744037185933616
420,11.863582336583399
421,12.237086699059343
422,12.2783933071098
423,11.635143097694478
424,12.66032791780777
425,11.842229212112828
426,11.813030057420567
427,12.524526376648708
428,11.59917655301345
429,12.182804018590819
430,12.072541252905651
431,11.355101379776661
432,11.288531131754366
433,11.715866308966918
434,12.106252310247962
435,11.302204433654575
436,12.26434155365415
437,11.661345470088502
438,11.686878772093667
439,11.411446296020374
440,11.608235644774552
441,13.226723392728571
442,11.678439903447801
443,12.000891794590137
444,12.058152515453552
445,12.254862809699606
446,11.755871643580617
447,12.154779351142624
448,12.205572520488492
449,11.691071650353702
450,11.695247021764184
451,11.608235644774552
452,12.542544882151386
453,12.225875272826354
454,12.254862809699606
455,12.144197241812087
456,12.075394321888057
457,11.49272275765271
458,12.4529327234617
459,11.9891596439666
460,11.608235644774552
461,12.481561937216318
462,11.951180395901384
463,11.041048081342682
464,12.147913731356642
465,11.728036844587175
466,12.093687514935382
467,12.025749091398891
468,11.894780707439258
469,12.429216196844383
470,12.138863895836725
471,12.26434155365415
472,12.154779351142624
473,11.904967552746252
474,12.994530005894443
475,12.43320821811392
476,11.794337924408413
477,12.249610947544657
478,12.84792653170257
479,12.601487417784837
480,11.401669829409995
481,12.694652660348845
482,12.832011076396668
483,11.951180395901384
484,12.007621706806335
485,11.794337924408413
486,11.898187865760873
487,11.957611286231675
488,12.072541252905651
489,11.982929094215963
490,11.362102575235644
491,11.652687407345388
492,11.79810440720389
493,12.059803326028716
494,11.951180395901384
495,11.421906066583059
496,10.460242108190519
497,12.971540487669746
498,12.122691036591123
499,11.77528972943772
500,11.695247021764184
501,11.635143097694478
502,12.33138283649562
503,11.84939770159144
504,12.57418196709457
505,11.898187865760873
506,11.732060994886899
507,12.2783933071098
508,12.246734627249063
509,11.9891596439666
510,11.732060994886899
511,12.01309450854769
512,12.219309648562168
513,11.77452020265869
514,11.805595078933049
515,11.477298287327077
516,12.906346868281233
517,11.970350312009105
518,12.487485104968359
519,12.259613412458204
520,12.363076394339839
521,11.573550086786664
522,11.918390573078392
523,11.976659481202368
524,12.126758838810447
525,12.662706040212738
526,12.078239274020289
527,11.790557201568507
528,13.008659261632127
529,11.362102575235644
530,12.209187788430318
531,12.072541252905651
532,11.759785542901755
533,11.585246126549855
534,10.578979797857352
535,12.089538829274222
536,11.585246126549855
537,12.144197241812087
538,11.619535200028487
539,11.970350312009105
540,12.513557345278134
541,12.66032791780777
542,12.421184025147118
543,12.270220465353926
544,11.79810440720389
545,12.09884928474215
546,12.341477282536376
547,12.254862809699606
548,11.771436160121729
549,11.736069016284437
550,12.479909311159902
551,11.84939770159144
552,11.630708500626612
553,12.450977688625896
554,11.589886506106357
555,12.556729517143344
556,11.635143097694478
557,11.856515169360305
558,11.589886506106357
559,12.072541252905651
560,12.363076394339839
561,11.70766954176274
562,12.043553716032399
563,11.589886506106357
564,12.128111104060462
565,12.498742259492994
566,11.759785542901755
567,12.691580461311874
568,12.273731294003989
569,12.66539442642905
570,11.820116003810051
571,11.867798786962332
572,11.695247021764184
573,12.321630986164447
574,12.043553716032399
575,11.842229212112828
576,11.682668239557323
577,11.884489021402711
578,12.010665849187564
579,11.891361900690473
580,11.786762130599957
581,12.111212364506214
582,12.442302200392747
583,11.682668239557323
584,12.691580461311874
585,11.79810440720389
586,12.820987977820545
587,11.77528972943772
588,11.827736204810263
589,11.870599909242044
590,11.283512300642423
591,12.132964173709535
592,13.021326833226556
593,11.835008964139341
594,11.84939770159144
595,11.608235644774552
596,12.672946381766982
597,11.648365035864053
598,12.17664898415669
599,12.289954129510877
600,11.925035115797062
601,12.524526376648708
602,11.856515169360305
603,12.301382825334498
604,11.925035115797062
605,12.30591798049989
606,12.230765258120545
607,11.931635799828413
608,12.323855681186558
609,12.791356180214175
610,11.682668239557323
611,12.65395846952229
612,11.904967552746252
613,12.474189562487116
614,11.898187865760873
615,11.231887935237117
616,11.831379196088763
617,12.118333731222167
618,11.566466231898259
619,12.659734090733718
620,12.628067055589549
621,11.112447898373103
622,12.388394202324129
623,11.813030057420567
624,12.034691028774553
625,12.014609430818936
626,11.982929094215963
627,11.848683160653573
628,11.938193200374572
629,11.813030057420567
630,12.034691028774553
631,11.728036844587175
632,12.25247901834433
633,11.320553572322773
634,11.845102777308561
635,11.877568578558138
636,12.206072645530174
637,11.002099841204238
638,11.440354772135393
639,11.350406535472453
640,12.485827127509431
641,12.520883385370206
642,12.328290278254423
643,12.751299696013497
644,11.931635799828413
645,12.823628446539173
646,11.872346634576987
647,11.495779306135258
648,11.951180395901384
649,11.951180395901384
650,11.344506813345266
651,12.235388699864227
652,11.589886506106357
653,12.160028707028767
654,11.813030057420567
655,12.765688433465597
656,11.385092093460344
657,11.887931365593685
658,11.911701584927597
659,11.487607656985938
660,12.025749091398891
661,12.195517131590657
662,12.904207367601158
663,11.608235644774552
664,11.831379196088763
665,12.955127458028414
666,12.348006141418841
667,11.76756768334381
668,12.173032791451973
669,12.031719258385396
670,11.831379196088763
671,12.063932878369052
672,11.54829260880752
673,12.013700752882718
674,12.458774999085929
675,11.84939770159144
676,11.908340237224891
677,11.37366339763672
678,11.603679828238693
679,12.827992316801751
680,11.763684183317412
681,11.870599909242044
682,11.979385322467598
683,12.061046873479915
684,12.560244459250788
685,12.30591798049989
686,12.24288661865289
687,12.336552511980964
688,11.910358401381128
689,12.8790171187726
690,12.17921519136029
691,11.856515169360305
692,13.534473028231162
693,12.721885810807203
694,11.594321103174222
695,11.86005499606543
696,12.078239274020289
697,11.396391648714276
698,11.72399643505017
699,11.83862560460953
700,12.185869938212655
701,12.652359748158593
702,11.84939770159144
703,12.799175708864519
704,11.84939770159144
705,12.269047444691562
706,10.915088464214607
707,12.618182296357007
708,12.445089546000673
709,12.09815330331068
710,11.607326140391713
711,10.858998997563564
712,11.540307141711446
713,12.14950229404178
714,11.76756768334381
715,11.779128505744886
716,12.013700752882718
717,11.979799201207037
718,11.964001084330445
719,12.739637756265655
720,11.763684183317412
721,12.524526376648708
722,11.870599909242044
723,11.732060994886899
724,11.813030057420567
725,12.676076274775909
726,11.699405031912846
727,12.310432660854417
728,12.178187442040638
729,11.608235644774552
730,11.542484267211773
731,12.373703486914124
732,12.141534124392603
733,12.312682380588432
734,11.786001385032646
735,11.589886506106357
736,12.0015054797889
737,11.44571671527678
738,12.387977448827787
739,12.095141084822892
740,12.154779351142624
741,11.790557201568507
742,11.863582336583399
743,12.095141084822892
744,12.072541252905651
745,12.100712129872347
746,12.610870864650634
747,12.371587084007746
748,12.491172637278908
749,12.46997418931655
750,11.49272275765271
751,11.477298287327077
752,11.99535161421452
753,12.287652632522597
754,12.526342907575106
755,11.957611286231675
756,12.058152515453552
757,12.26434155365415
758,11.976030352524807
759,12.097373228606832
760,12.577636201962656
761,11.755871643580617
762,11.512925464970229
763,12.279323107269766
764,12.727838209334498
765,12.506177237980511
766,12.484204257170104
767,12.188417710291453
768,11.982929094215963
769,12.28690119819279
770,13.195613839143922
771,11.812289042195847
772,11.532728092266408
773,11.580584113444043
774,11.648330101976432
775,12.886641043883259
776,11.99535161421452
777,12.308177868467327
778,11.867097278690842
779,11.877568578558138
780,11.813030057420567
781,12.078239274020289
782,12.077670930725649
783,12.139398512262181
784,12.016726473799254
785,11.759785542901755
786,11.992260421644849
787,11.842229212112828
788,12.358793732547838
789,11.588960151246226
790,12.141534124392603
791,11.984178313616395
792,11.896826395162552
793,12.50539915757667
794,12.323855681186558
795,12.178187442040638
796,12.049418835484797
797,11.874090314181814
798,11.608235644774552
799,13.091904169919621
800,12.072541252905651
801,12.206072645530174
802,11.607326140391713
803,12.14950229404178
804,13.275827535915461
805,11.678439903447801
806,12.33569641332368
807,11.816726919301892
808,12.31716669303576
809,11.982616545377663
810,11.571194373094205
811,12.106252310247962
812,11.881034786534624
813,10.932981961904135
814,11.969717200243734
815,11.661345470088502
816,12.323411137947407
817,11.827736204810263
818,12.509874099861838
819,11.951180395901384
820,12.319401330837177
821,12.117241431823558
822,11.440354772135393
823,12.323855681186558
824,11.845819880243557
825,12.3570755190667
826,12.86099861326992
827,11.603679828238693
828,12.14950229404178
829,12.128111104060462
830,11.900905258737373
831,12.01974306733868
832,11.925035115797062
833,12.375815420117268
834,12.025749091398891
835,11.8490404949436
836,11.759785542901755
837,11.941455846009388
838,11.512925464970229
839,11.877568578558138
840,11.779128505744886
841,11.84939770159144
842,11.967180737247824
843,12.071969661006694
844,11.856515169360305
845,11.94405831982697
846,12.049418835484797
847,12.269047444691562
848,11.801856756822442
849,12.388394202324129
850,12.138863895836725
851,11.786762130599957
852,12.2783933071098
853,12.007621706806335
854,11.970350312009105
855,12.043553716032399
856,11.751942365440728
857,11.898187865760873
858,12.066810578196666
859,11.931635799828413
860,12.429216196844383
861,12.154516158615772
862,11.786762130599957
863,11.931635799828413
864,11.794337924408413
865,12.431533509799543
866,11.908340237224891
867,12.424806488355683
868,11.76756768334381
869,12.037653993905211
870,12.371587084007746
871,11.603679828238693
872,12.20856952572876
873,11.661345470088502
874,11.79810440720389
875,11.104957226643945
876,12.623061104072981
877,11.792449349720545
878,12.765688433465597
879,11.904967552746252
880,11.824079893607152
881,11.964001084330445
882,12.141534124392603
883,12.089538829274222
884,11.682668239557323
885,11.512925464970229
886,12.703509032177148
887,11.884489021402711
888,11.816726919301892
889,12.498742259492994
890,11.915051671812877
891,11.719126295554126
892,12.058152515453552
893,11.947949375319936
894,12.013700752882718
895,11.685684782260491
896,11.84939770159144
897,11.575900264131617
898,11.870271183889114
899,13.323926946863102
900,11.813030057420567
901,11.608235644774552
902,11.938193200374572
903,12.100712129872347
904,12.388394202324129
905,11.740061037553975
906,11.759785542901755
907,12.449018824140563
908,12.429216196844383
909,11.782952602183288
910,12.066810578196666
911,11.946654038351252
912,11.874090314181814
913,11.385092093460344
914,11.884489021402711
915,12.065274916913605
916,11.225243392518447
917,10.47194980911048
918,11.813030057420567
919,12.380025952653611
920,12.081076155355488
921,12.211060187041213
922,11.890676734510876
923,12.043494890772815
924,12.170445467887022
925,12.24288661865289
926,12.072541252905651
927,12.560244459250788
928,12.078239274020289
929,12.373703486914124
930,12.310432660854417
931,12.211060187041213
932,11.67419361256635
933,12.676076274775909
934,12.154779351142624
935,12.396693005138824
936,11.288531131754366
937,12.127570417375216
938,12.441144767709657
939,12.38755635142507
940,12.406561506279576
941,11.924372644755941
942,12.273731294003989
943,11.918390573078392
944,11.870599909242044
945,11.831379196088763
946,11.73526869611367
947,11.870599909242044
948,12.506177237980511
949,12.167851432709975
950,12.193493863323313
951,11.76756768334381
952,11.694413341015606
953,11.804848531679264
954,12.05524975579559
955,11.755871643580617
956,11.884489021402711
957,11.728036844587175
958,11.790557201568507
959,12.128111104060462
960,11.951180395901384
961,11.665646551987892
962,12.513557345278134
963,11.951180395901384
964,12.384218830913648
965,12.277928082630602
966,12.09458226949681
967,11.982929094215963
968,11.813030057420567
969,10.542706391070517
970,11.84939770159144
971,11.813030057420567
972,12.061046873479915
973,11.507912923146684
974,12.111761966058932
975,12.028738630247258
976,12.013700752882718
977,11.356271654924852
978,12.205572520488492
979,11.608235644774552
980,11.842229212112828
981,12.091783499128047
982,12.724866438945341
983,11.982272628789678
984,12.45254202214788
985,11.744037185933616
986,11.736069016284437
987,11.669929213779893
988,12.88712700173598
989,12.180754837545884
990,12.190959007720126
991,12.759957758756611
992,12.031719258385396
993,12.138863895836725
994,12.066235700342375
995,12.729320789294722
996,11.708492248514204
997,11.824079893607152
998,12.128111104060462
999,11.418614785498987
1000,12.235631447771718
1001,11.314474526246391
1002,11.362102575235644
1003,12.354492650648448
1004,11.827042533619087
1005,12.106252310247962
1006,11.917723684090689
1007,12.004568269319446
1008,11.385092093460344
1009,12.388394202324129
1010,11.532728092266408
1011,11.813030057420567
1012,11.512925464970229
1013,12.013700752882718
1014,11.350406535472453
1015,11.688558033613386
1016,12.332705296463539
1017,12.220961258023925
1018,12.141534124392603
1019,11.982929094215963
1020,12.27134527214637
1021,12.078239274020289
1022,12.175613438045465
1023,11.37366339763672
1024,12.160028707028767
1025,12.567237494741757
1026,11.630708500626612
1027,12.028738630247258
1028,12.588190652108505
1029,11.56171562913966
1030,11.678439903447801
1031,11.982929094215963
1032,12.190959007720126
1033,12.644327576461329
1034,12.345834587905333
1035,11.693161515273161
1036,11.33857207782545
1037,12.661913960963405
1038,12.567237494741757
1039,11.48246625748552
1040,11.289781913656018
1041,11.951180395901384
1042,12.061046873479915
1043,12.185869938212655
1044,12.477167914377556
1045,12.535376392672774
1046,11.84653646931041
1047,13.229567991666638
1048,11.884489021402711
1049,11.652687407345388
1050,11.349229372299439
1051,12.080991165908294
1052,12.206777397134413
1053,12.013700752882718
1054,11.881034786534624
1055,12.449018824140563
1056,12.100712129872347
1057,12.132695175725399
1058,12.421184025147118
1059,12.721885810807203
1060,12.301382825334498
1061,12.271392111650817
1062,11.302204433654575
1063,11.407564949312402
1064,11.612770799939945
1065,11.944707881395766
1066,12.70076888736628
1067,12.089538829274222
1068,12.031123843065632
1069,11.927680619985486
1070,11.813030057420567
1071,11.813030057420567
1072,11.944707881395766
1073,11.424094251263613
1074,11.979799201207037
1075,12.175613438045465
1076,12.299107511497363
1077,12.043553716032399
1078,11.840789327054841
1079,11.956970055045868
1080,11.744037185933616
1081,11.884489021402711
1082,11.79810440720389
1083,12.165250651009918
1084,11.982929094215963
1085,12.141534124392603
1086,11.898187865760873
1087,11.332601910838946
1088,12.437184366493561
1089,11.831379196088763
1090,12.190959007720126
1091,11.439278924801929
1092,11.982929094215963
1093,11.824079893607152
1094,11.891361900690473
1095,11.76756768334381
1096,12.08069081199846
1097,11.751942365440728
1098,12.043553716032399
1099,11.759785542901755
1100,11.964001084330445
1101,11.002099841204238
1102,11.691071650353702
1103,11.813030057420567
1104,11.979799201207037
1105,11.571194373094205
1106,12.691580461311874
1107,12.100156419938624
1108,12.523525876315125
1109,12.106252310247962
1110,12.542544882151386
1111,12.144197241812087
1112,12.230765258120545
1113,11.77452020265869
1114,11.809319478024031
1115,11.669929213779893
1116,12.669806661762314
1117,12.123234367221169
1118,11.77528972943772
1119,11.84939770159144
1120,11.803353763090035
1121,11.681824001432043
1122,12.26857785088157
1123,11.626254150277232
1124,11.678439903447801
1125,12.00701176473192
1126,11.652687407345388
1127,12.066810578196666
1128,12.464583340681674
1129,12.2783933071098
1130,11.84939770159144
1131,11.813030057420567
1132,11.44571671527678
1133,11.67419361256635
1134,12.386308695833106
1135,12.037653993905211
1136,11.532728092266408
1137,11.686878772093667
1138,11.451050061252142
1139,12.185869938212655
1140,11.877568578558138
1141,11.842229212112828
1142,12.193493863323313
1143,12.959538518762063
1144,11.289781913656018
1145,11.289781913656018
1146,11.911701584927597
1147,12.100712129872347
1148,12.069680020624618
1149,11.66907414746016
1150,11.870599909242044
1151,11.728036844587175
1152,11.917723684090689
1153,12.345834587905333
1154,11.699405031912846
1155,12.215032386901646
1156,12.292250341771226
1157,12.100156419938624
1158,12.345834587905333
1159,12.367885325692589
1160,12.128111104060462
1161,11.891361900690473
1162,12.319401330837177
1163,11.76756768334381
1164,11.598726943661342
1165,12.175613438045465
1166,12.359523080243038
1167,12.41044104151805
1168,12.061046873479915
1169,12.367340793126296
1170,13.345506928718539
1171,12.049418835484797
1172,12.0015054797889
1173,12.05466819137094
1174,12.20856952572876
1175,12.384218830913648
1176,12.560244459250788
1177,11.691071650353702
1178,11.652687407345388
1179,11.95053502640496
1180,11.440354772135393
1181,12.429216196844383
1182,12.8802918162046
1183,13.521139497361697
1184,11.695247021764184
1185,12.137258329529814
1186,11.560762794384388
1187,11.461632170582678
1188,12.476099782743233
1189,12.180754837545884
1190,12.14950229404178
1191,12.031719258385396
1192,12.066810578196666
1193,11.736069016284437
1194,12.013700752882718
1195,11.970350312009105
1196,12.078239274020289
1197,12.297785453453374
1198,11.877568578558138
1199,12.089538829274222
1200,11.904967552746252
1201,11.661776411702583
1202,12.195517131590657
1203,11.669929213779893
1204,12.269047444691562
1205,11.941455846009388
1206,12.513189630620563
1207,11.580584113444043
1208,12.206072645530174
1209,11.84939770159144
1210,12.577636201962656
1211,12.14950229404178
1212,12.007621706806335
1213,11.635143097694478
1214,11.884489021402711
1215,11.809319478024031
1216,11.736069016284437
1217,11.626254150277232
1218,12.343466568968994
1219,11.296012463406655
1220,11.424094251263613
1221,11.652687407345388
1222,11.805595078933049
1223,11.870599909242044
1224,11.834284063781393
1225,12.122691036591123
1226,11.884489021402711
1227,12.273731294003989
1228,11.898187865760873
1229,12.813917896253697
1230,11.751942365440728
1231,12.154779351142624
1232,11.794337924408413
1233,11.53076538309856
1234,11.863582336583399
1235,11.77528972943772
1236,11.841415931849784
1237,12.075394321888057
1238,12.180754837545884
1239,11.867097278690842
1240,12.490875577231112
1241,12.323411137947407
1242,12.422505731952896
1243,12.043553716032399
1244,13.049792684569493
1245,12.345834587905333
1246,12.089538829274222
1247,12.136186518066006
1248,12.042965307660024
1249,11.771436160121729
1250,11.686878772093667
1251,12.404923504275338
1252,12.053795210084596
1253,11.77528972943772
1254,12.591335046320818
1255,12.016122061571728
1256,11.755871643580617
1257,12.616525295149378
1258,11.511924964636645
1259,12.154779351142624
1260,11.925035115797062
1261,12.106252310247962
1262,11.766792188927278
1263,11.992260421644849
1264,12.103486056755072
1265,12.106252310247962
1266,12.122147410592412
1267,11.711776323715394
1268,12.84397135185964
1269,12.850554654108839
1270,11.877568578558138
1271,12.468436909997665
1272,12.132156962580005
1273,11.827736204810263
1274,12.083905011555967
1275,11.842229212112828
1276,11.827736204810263
1277,11.99535161421452
1278,12.195517131590657
1279,12.375815420117268
1280,11.133128103610641
1281,12.332705296463539
1282,12.100712129872347
1283,11.921718363171067
1284,11.842229212112828
1285,12.037653993905211
1286,11.794337924408413
1287,11.870599909242044
1288,12.154779351142624
1289,12.535376392672774
1290,12.546109948315882
1291,12.103486056755072
1292,11.691071650353702
1293,11.585246126549855
1294,12.000891794590137
1295,11.652687407345388
1296,11.83862560460953
1297,11.951180395901384
1298,11.84939770159144
1299,11.982929094215963
1300,11.944707881395766
1301,12.323855681186558
1302,12.086725887897607
1303,12.577636201962656
1304,12.354492650648448
1305,11.77528972943772
1306,12.691580461311874
1307,12.218495165528731
1308,11.835008964139341
1309,11.898187865760873
1310,12.096257779522967
1311,12.721885810807203
1312,12.220961258023925
1313,12.618182296357007
1314,12.716402146247475
1315,11.686878772093667
1316,12.239990863733635
1317,12.596400426884427
1318,12.249610947544657
1319,12.524526376648708
1320,11.617285480294472
1321,11.960811288962345
1322,11.191341840842766
1323,12.154779351142624
1324,11.320553572322773
1325,11.898187865760873
1326,10.915088464214607
1327,11.27720313144916
1328,11.779128505744886
1329,12.4529327234617
1330,12.081076155355488
1331,12.332705296463539
1332,11.794337924408413
1333,11.512925464970229
1334,11.740061037553975
1335,11.736069016284437
1336,12.031123843065632
1337,11.813030057420567
1338,10.868568448579715
1339,12.206072645530174
1340,11.763684183317412
1341,11.719939634354555
1342,11.951180395901384
1343,12.339291489316397
1344,12.083905011555967
1345,11.956553034172742
1346,11.594505451962652
1347,12.478006361013815
1348,12.554836882168736
1349,12.2783933071098
1350,11.711776323715394
1351,12.206072645530174
1352,12.049418835484797
1353,11.812289042195847
1354,12.92391243868049
1355,12.367340793126296
1356,12.043553716032399
1357,11.608235644774552
1358,11.917723684090689
1359,12.086725887897607
1360,12.66032791780777
1361,12.14950229404178
1362,12.468436909997665
1363,11.560762794384388
1364,11.963567869487337
1365,11.87862357740665
1366,12.283033686666302
1367,12.170445467887022
1368,11.751942365440728
1369,11.877568578558138
1370,12.354492650648448
1371,11.56171562913966
1372,12.016726473799254
1373,12.521977676925694
1374,13.053013299269535
1375,12.429216196844383
1376,12.384218830913648
1377,11.418614785498987
1378,11.669929213779893
1379,11.326595886778735
1380,12.028738630247258
1381,10.976782033219948
1382,12.377922902456833
1383,11.964001084330445
1384,11.626254150277232
1385,11.56171562913966
1386,11.740061037553975
1387,12.429216196844383
1388,11.820410164718188
1389,12.841325847671216
1390,11.782952602183288
1391,12.367340793126296
1392,11.728036844587175
1393,11.719939634354555
1394,12.0015054797889
1395,12.415433652431746
1396,12.54686766829102
1397,11.982929094215963
1398,11.831379196088763
1399,11.835008964139341
1400,11.83101549359339
1401,11.695247021764184
1402,12.170445467887022
1403,12.174989532116426
1404,12.552926520261092
1405,11.56171562913966
1406,12.524526376648708
1407,11.79810440720389
1408,11.626254150277232
1409,11.740061037553975
1410,12.2783933071098
1411,12.345834587905333
1412,11.84939770159144
1413,11.407564949312402
1414,12.456831363877356
1415,12.240474072247506
1416,12.077670930725649
1417,11.715866308966918
1418,12.736700896592344
1419,11.728036844587175
1420,12.314927050442256
1421,12.100156419938624
1422,11.755871643580617
1423,11.824079893607152
1424,12.524417279788771
1425,11.877568578558138
1426,11.863582336583399
1427,12.509874099861838
1428,11.84939770159144
1429,11.686878772093667
1430,12.116694834378958
1431,12.16597955196373
1432,11.875830958659597
1433,11.074420502783864
1434,12.136186518066006
1435,11.982929094215963
1436,12.066810578196666
1437,11.699405031912846
1438,12.885670953244288
1439,11.91638857040772
1440,12.190959007720126
1441,12.160028707028767
1442,11.913712983527281
1443,12.644327576461329
1444,11.703545824578878
1445,12.098487434850236
1446,11.76756768334381
1447,11.969717200243734
1448,12.388394202324129
1449,11.626254150277232
1450,11.429543856031177
1451,11.820410164718188
1452,12.567551034433226
1453,11.884489021402711
1454,11.344506813345266
1455,12.128111104060462
1456,12.072541252905651
1457,12.254862809699606
1458,12.493129522588037
1459,11.864462231052837
1460,11.901583454762012
